序号,城市,地点,场景类型,频谱数据目录名称,IQ数据相对目录,IQ数据组名称,备注,极化方式,频段,频谱峰值频率(MHz),频谱峰值功率(dBμV/m),频谱BW_3dB(MHz),IQ中心频率(MHz),IQ数据组完整名称,IQ文件状态,汇总说明
1,长春测点,一汽红旗繁荣工厂,工业区,1红旗繁荣工厂,20260525IQR,20260525fanr,,垂直极化,30M-6G (All),"2555.555556, 2531.746032, 2579.365079, 2595.238095, 3563.492063, 3539.682540, 3603.174603, 3587.301587, 3515.873016, 1849.206349","112.026, 111.629, 107.450, 106.505, 105.800, 105.664, 104.843, 104.180, 103.998, 103.899","17.507987, 21.207368, 98.047041, 102.165847, 10.361296, 26.034265, 30.003796, 31.790165, 63.337533, 4.427829",,,,有10个主要峰值，无关联IQ
2,长春测点,欧亚卖场8号门,购物广场,3欧亚卖场停车场8号门,20260526IQR,20260525oymc8men,,垂直极化,30M-6G (All),"869.047619, 1865.079365, 3507.936508, 2531.746032, 2428.571429, 3595.238095, 1825.396825, 948.412698, 2404.761905, 3539.682540","106.991, 106.824, 105.346, 105.103, 104.346, 103.289, 102.691, 102.310, 101.280, 100.621","0.218265, 32.574624, 12.416439, 18.811235, 1.618847, 13.214771, 17.503217, 0.715714, 2.365061, 41.650221",,,,有10个主要峰值，无关联IQ
3,长春测点,欧亚卖场5号门,购物广场,4欧亚卖场停车场5号门,20260527IQR,20260525oymc9men,,垂直极化,30M-6G (All),"2571.428571, 3523.809524, 3547.619048, 3595.238095, 948.412698, 2531.746032, 3507.936508, 2611.111111, 2484.126984, 773.809524","109.210, 109.204, 108.334, 107.356, 102.940, 102.918, 102.264, 101.134, 100.612, 100.497","22.727391, 7.082254, 8.257510, 28.054613, 0.293117, 12.396346, 6.890949, 19.105941, 1.792137, 1.308858",,,,有10个主要峰值，无关联IQ
4,长春测点,欧亚卖场14号门,闹市区,2欧亚卖场停车场14号门,20260528IQR,20260525oymc14men,,垂直极化,30M-6G (All),"3547.619048, 2547.619048, 1817.460317, 3507.936508, 3531.746032, 3571.428571, 2531.746032, 2603.174603, 2619.047619, 2579.365079","114.498, 113.687, 113.654, 113.626, 113.623, 112.357, 111.295, 110.907, 110.046, 109.760","44.987123, 8.694337, 17.115869, 46.625066, 46.631560, 24.044087, 16.290971, 7.265692, 13.371178, 9.160456",,,,有10个主要峰值，无关联IQ
5,长春测点,欧亚卖场20号门,闹市区,5欧亚卖场停车场20号门,20260529IQR,20260525oymc20n,,垂直极化,30M-6G (All),"2627.142857, 2538.095238, 2570.476190, 3533.809524, 2610.952381, 1825.714286, 1809.523810, 1898.571429, 3404.285714, 3590.476190","119.422, 112.156, 110.290, 110.096, 109.342, 109.006, 108.447, 108.164, 106.614, 105.303","5.404382, 11.698493, 36.613684, 7.401298, 28.535043, 18.317820, 18.731568, 10.184872, 6.296148, 19.242699",,,,有10个主要峰值，无关联IQ
6,长春测点,吉林广播信号塔,广播电视塔,7吉林广播电视塔,20260530IQR,20260526gbxinhaota,,垂直极化,30M-6G (All),"1865.079365, 91.793651, 2611.111111, 2531.746032, 3579.365079, 2134.920635, 2587.301587, 3404.761905, 3444.444444, 3515.873016","114.424, 113.241, 112.265, 108.313, 108.234, 107.747, 106.177, 105.456, 104.905, 104.185","14.916097, 0.352270, 12.601492, 6.481553, 7.006681, 13.435596, 44.897623, 11.142237, 17.179166, 7.652624",,,,有10个主要峰值，无关联IQ
7,长春测点,红旗街万达地下停车场,闹市区,6红旗街万达广场地下停车场,20260531IQR,20260526hqjwanda,,垂直极化,30M-6G (All),"2357.142857, 2341.269841, 1928.571429, 3444.444444, 3460.317460, 3404.761905, 3515.873016, 2468.253968, 2420.634921, 3492.063492","101.174, 99.792, 96.464, 90.867, 90.593, 90.300, 90.065, 89.758, 88.263, 87.392","13.642075, 22.942478, 11.410457, 25.710653, 26.633300, 7.798852, 11.339723, 11.123404, 15.144763, 43.312040",,,,有10个主要峰值，无关联IQ
8,长春测点,长春龙嘉国际机场T1航站楼停车场,机场区域,9龙嘉国际机场航站楼T1,20260532IQR,20260526t1longjiajc,,垂直极化,30M-6G (All),"1817.460317, 1031.746032, 2539.682540, 2523.809524, 3507.936508, 1801.587302, 2603.174603, 2587.301587, 3555.555556, 2658.730159","111.729, 108.005, 107.930, 107.348, 105.855, 105.753, 104.330, 101.937, 100.760, 100.560","15.189465, 1.949097, 38.037157, 43.064588, 3.975879, 34.971647, 17.008216, 100.498207, 15.245279, 22.006845",,,,有10个主要峰值，无关联IQ
9,长春测点,长春龙嘉国际机场2航站楼停车场,机场区域,8龙嘉国际机场航站楼T2,20260533IQR,20260526longjiac,,垂直极化,30M-6G (All),"1825.396825, 2523.809524, 2587.301587, 2563.492063, 2611.111111, 1849.206349, 2142.857143, 2428.571429, 3523.809524, 869.047619","117.973, 117.118, 114.422, 112.870, 112.586, 109.949, 105.107, 103.010, 102.329, 102.060","11.083374, 13.904979, 14.434800, 37.862277, 11.030650, 13.014744, 12.601506, 2.456389, 6.096116, 0.255319",,,,有10个主要峰值，无关联IQ
10,长春测点,长春市朝阳区普洛斯物流园区,物流仓储中心,10大型物流园,20260534IQR,20260526puluosiwly,,垂直极化,30M-6G (All),"1817.460317, 2515.873016, 2642.857143, 2563.492063, 2587.301587, 3547.619048, 2126.984127, 766.666667, 780.158730, 3476.190476","105.597, 103.966, 102.017, 101.951, 101.468, 100.159, 99.999, 99.018, 98.171, 96.117","19.054781, 13.556686, 11.881886, 24.346970, 4.882906, 17.743308, 16.562422, 12.740425, 1.378959, 5.120129",,,,有10个主要峰值，无关联IQ
11,长春测点,长春西站,车站,12长春西站,20260535IQR,20260527ccxz,,垂直极化,30M-6G (All),"2666.666667, 2642.857143, 1817.460317, 3507.936508, 3452.380952, 3484.126984, 1865.079365, 3428.571429, 3468.253968, 2531.746032","108.754, 107.434, 107.225, 105.999, 105.458, 102.875, 102.745, 102.702, 102.423, 102.414","37.623298, 41.005115, 8.662009, 5.121780, 10.320710, 77.677163, 20.925087, 78.457567, 79.718116, 30.435040",,,,有10个主要峰值，无关联IQ
12,长春测点,八一水韵城,居民区,15八一水韵城,20260536IQR,20260527bysy,,垂直极化,30M-6G (All),"1880.952381, 2531.746032, 3579.365079, 2555.555556, 2595.238095, 2579.365079, 3515.873016, 2126.984127, 1857.142857, 3547.619048","110.449, 108.420, 105.273, 105.259, 103.909, 103.694, 102.641, 102.082, 101.579, 99.973","8.402324, 20.859813, 8.991686, 50.051465, 93.764906, 94.240027, 24.202260, 16.326023, 34.031081, 59.653106",,,,有10个主要峰值，无关联IQ
13,长春测点,长春市轨道交通集团,工业区,14长春市轨道交通集团,20260537IQR,20260527gdjt,,垂直极化,30M-6G (All),"3523.809524, 3587.301587, 3603.174603, 2547.619048, 2523.809524, 869.047619, 2579.365079, 948.412698, 1817.460317, 1873.015873","113.728, 111.416, 111.250, 109.194, 106.817, 104.373, 103.461, 101.099, 99.029, 97.677","21.967574, 27.151075, 27.799224, 30.935574, 41.100572, 0.442061, 6.972751, 0.613567, 15.381489, 30.417174",,,,有10个主要峰值，无关联IQ
14,长春测点,一汽总医院,医院外部,13吉林省一汽总医院,20260538IQR,20260527yqzyy,,垂直极化,30M-6G (All),"1857.142857, 1873.015873, 1817.460317, 2547.619048, 2563.492063, 4809.523810, 2579.365079, 2619.047619, 2515.873016, 2650.793651","115.358, 115.297, 107.696, 105.373, 105.287, 104.784, 103.424, 102.756, 102.590, 101.026","14.320372, 12.325870, 11.449914, 36.080244, 36.437794, 10.537459, 68.427305, 16.012259, 69.841806, 6.337218",,,,有10个主要峰值，无关联IQ
15,长春测点,吉林省肿瘤医院,医院外部,16吉林省第二人民医院,20260539IQR,20260527zlyy,,垂直极化,30M-6G (All),"3555.555556, 3571.428571, 2539.682540, 949.206349, 2587.301587, 1865.079365, 1817.460317, 1849.206349, 2571.428571, 2619.047619","94.234, 93.568, 93.278, 93.175, 93.136, 92.774, 92.502, 92.319, 92.317, 88.660","21.592659, 22.964374, 13.489892, 0.843918, 17.073082, 18.570318, 18.303719, 18.995567, 37.743980, 7.711626",,,,有10个主要峰值，无关联IQ
16,长春测点,五二三电台,电台,11电台523,20260540IQR,20260526523diantai,,垂直极化,30M-6G (All),"2531.746032, 2563.492063, 1809.523810, 2603.174603, 3515.873016, 105.015873, 1880.952381, 1865.079365, 3547.619048, 3587.301587","116.507, 114.813, 113.085, 111.554, 110.722, 110.413, 109.827, 108.419, 108.075, 107.282","22.804220, 14.634616, 9.447124, 30.537739, 6.830221, 0.332009, 18.871718, 20.712690, 34.369171, 15.215704",,,,有10个主要峰值，无关联IQ
17,北京测点,东坝家园,居民区,东坝家园,20260611IQR,20260611beijingdbjiayuan,,垂直极化,30M-6G (All),"1857.142857, 2126.984127, 2531.746032, 2547.619048, 2587.301587, 3547.619048, 3436.507937, 3595.238095, 960.317460, 3412.698413","109.965, 109.068, 105.475, 104.584, 101.635, 101.197, 99.924, 99.607, 99.407, 98.121","16.547126, 15.354153, 18.703586, 42.912070, 5.909810, 24.119742, 33.814503, 13.251367, 0.920132, 43.370065","100, 560, 670, 775, 875, 950, 1850, 2100, 2500","20260611beijingdbjiayuan100m, 20260611beijingdbjiayuan560m, 20260611beijingdbjiayuan670m, 20260611beijingdbjiayuan775m, 20260611beijingdbjiayuan875m, 20260611beijingdbjiayuan950m, 20260611beijingdbjiayuan1850m, 20260611beijingdbjiayuan2100m, 20260611beijingdbjiayuan2500m","离线, 离线, 离线, 离线, 离线, 离线, 离线, 离线, 离线",已覆盖主要峰值2/10，关联IQ 9组
18,北京测点,东坝北地铁站,地铁站,东坝北地铁站,20260611IQR,20260611beijingdbbditiezhan,,垂直极化,30M-6G (All),"1896.825397, 1825.396825, 2452.380952, 3523.809524, 1857.142857, 2126.984127, 2531.746032, 2436.507937, 2015.873016, 2595.238095","105.631, 100.180, 98.865, 97.751, 96.365, 96.351, 95.938, 95.900, 95.855, 95.183","10.133583, 16.321954, 3.225836, 4.474280, 16.919229, 16.888769, 14.706520, 11.973257, 7.528781, 25.876317","775, 875, 950, 1900, 2500","20260611beijingdbbditiezhan775m, 20260611beijingdbbditiezhan875m, 20260611beijingdbbditiezhan950m, 20260611beijingdbbditiezhan1900m, 20260611beijingdbbditiezhan2500m","离线, 离线, 离线, 离线, 离线",已覆盖主要峰值1/10，关联IQ 5组
19,北京测点,东坝万达,购物广场,东坝万达,20260611IQR,20260611beijingdbwanda,,垂直极化,30M-6G (All),"2119.047619, 2142.857143, 3515.873016, 3412.698413, 3571.428571, 3587.301587, 3603.174603, 3555.555556, 2428.571429, 3452.380952","127.029, 123.343, 121.218, 118.472, 117.827, 117.807, 117.520, 113.098, 112.045, 111.831","5.037078, 34.757282, 18.587236, 14.612822, 36.971269, 37.007443, 37.522563, 71.117969, 1.406310, 18.184608","560, 670, 775, 875, 950, 1820, 2100, 4250","20260611beijingdbwanda560m, 20260611beijingdbwanda670m, 20260611beijingdbwanda775m, 20260611beijingdbwanda875m, 20260611beijingdbwanda950m, 20260611beijingdbwanda1820m, 20260611beijingdbwanda2100m, 20260611beijingdbwanda4250m","离线, 离线, 离线, 离线, 离线, 离线, 离线, 离线",已覆盖主要峰值0/10，关联IQ 8组
20,北京测点,丽富嘉园小区南区,居民区,丽富嘉园,20260611IQR,20260611beijinglifujy,,垂直极化,30M-6G (All),"1873.015873, 879.365079, 3460.317460, 3412.698413, 1928.571429, 3523.809524, 2119.047619, 2523.809524, 3555.555556, 1825.396825","117.669, 107.040, 105.856, 104.179, 103.643, 101.754, 98.889, 97.210, 95.992, 95.499","17.049670, 0.859008, 6.028276, 19.852180, 1.002849, 26.435008, 6.331701, 19.399874, 12.405448, 17.491310","560, 670, 775, 875, 950, 1850, 2550","20260611beijinglifujy560m, 20260611beijinglifujy670m, 20260611beijinglifujy775m, 20260611beijinglifujy875m, 20260611beijinglifujy950m, 20260611beijinglifujy1850m, 20260611beijinglifujy2550m","离线, 离线, 离线, 离线, 离线, 离线, 离线",已覆盖主要峰值1/10，关联IQ 7组
21,北京测点,朝新嘉园东里四区,居民区,朝新嘉园,20260611IQR,20260611beijingchaoxinjy,,垂直极化,30M-6G (All),"3515.873016, 1460.317460, 3412.698413, 1865.079365, 2587.301587, 2539.682540, 1849.206349, 2603.174603, 1825.396825, 880.285714","102.751, 101.487, 99.253, 99.045, 98.311, 98.249, 97.716, 96.738, 95.744, 94.751","8.428085, 9.890910, 20.975660, 19.634483, 9.821628, 35.826918, 21.490172, 31.208151, 16.855755, 0.319846","95, 775, 875, 950, 1460, 1850","20260611beijingchaoxinjy95m, 20260611beijingchaoxinjy775m, 20260611beijingchaoxinjy875m, 20260611beijingchaoxinjy950m, 20260611beijingchaoxinjy1460m, 20260611beijingchaoxinjy1850m","离线, 离线, 离线, 离线, 离线, 离线",已覆盖主要峰值4/10，关联IQ 6组
22,北京测点,东坝福润四季,闹市区,东坝福润四季小区,20260611IQR,20260611beijingfurunsj,,垂直极化,30M-6G (All),"3468.253968, 3452.380952, 3412.698413, 3428.571429, 3500.000000, 2587.301587, 2531.746032, 1849.206349, 2555.555556, 2626.984127","123.281, 121.155, 120.594, 120.409, 120.258, 106.130, 105.124, 100.942, 100.456, 97.109","8.750085, 21.974537, 11.695238, 14.210961, 7.065237, 9.076866, 11.593186, 29.309536, 43.612177, 7.589351","385, 775, 950, 1850, 2550, 3450","20260611beijingfurunsj385m, 20260611beijingfurunsj775m, 20260611beijingfurunsj950m, 20260611beijingfurunsj1850m, 20260611beijingfurunsj2550m, 20260611beijingfurunsj3450m","离线, 离线, 离线, 离线, 离线, 离线",已覆盖主要峰值5/10，关联IQ 6组
23,北京测点,北京第一中西医结合医院,医院外部,北京第一中西医结合医院,20260611IQR,20260611beijingzxyyiyuan,,垂直极化,30M-6G (All),"2531.746032, 2119.047619, 1857.142857, 2150.793651, 3412.698413, 3523.809524, 2134.920635, 3476.190476, 3436.507937, 3460.317460","116.575, 115.254, 112.507, 112.259, 112.253, 111.911, 111.777, 107.717, 106.125, 105.978","5.542944, 5.124197, 17.228844, 40.975688, 18.880066, 20.640131, 41.144317, 8.879373, 48.209818, 12.313485","380, 560, 670, 770, 880, 950, 1850, 2100, 2550, 3500","20260611beijingzxyyiyuan380m, 20260611beijingzxyyiyuan560m, 20260611beijingzxyyiyuan670m, 20260611beijingzxyyiyuan770m, 20260611beijingzxyyiyuan880m, 20260611beijingzxyyiyuan950m, 20260611beijingzxyyiyuan1850m, 20260611beijingzxyyiyuan2100m, 20260611beijingzxyyiyuan2550m, 20260611beijingzxyyiyuan3500m","离线, 离线, 离线, 离线, 离线, 离线, 离线, 离线, 离线, 离线",已覆盖主要峰值2/10，关联IQ 10组
24,北京测点,交大嘉园,居民区,交大嘉园,20260612IQR,20260611beijingjiaodajy,,垂直极化,30M-6G (All),"2126.984127, 1880.952381, 2579.365079, 3507.936508, 2555.555556, 3563.492063, 1865.079365, 2523.809524, 5809.523810, 948.412698","110.461, 107.038, 105.913, 104.348, 104.292, 103.786, 103.337, 102.637, 101.944, 101.928","21.474211, 5.999529, 11.549807, 12.033740, 3.718903, 6.430989, 22.865643, 12.772907, 25.153334, 0.182528","100, 560, 775, 870, 940, 1880, 2150","20260611beijingjiaodajy100m, 20260611beijingjiaodajy560m, 20260611beijingjiaodajy775m, 20260611beijingjiaodajy870m, 20260611beijingjiaodajy940m, 20260611beijingjiaodajy1880m, 20260611beijingjiaodajy2150m","离线, 离线, 离线, 离线, 离线, 离线, 离线",已覆盖主要峰值3/10，关联IQ 7组
25,北京测点,交大家属区,居民区,交大家属院,20260612IQR,20260611beijingjiaodajjiashu,,垂直极化,30M-6G (All),"1825.396825, 760.317460, 1857.142857, 780.952381, 1896.825397, 942.857143, 2523.809524, 2603.174603, 2547.619048, 1920.634921","109.901, 108.768, 107.562, 106.866, 106.302, 105.921, 103.427, 102.899, 102.467, 102.110","21.573958, 1.015332, 50.174643, 3.333892, 20.447843, 8.824699, 38.278619, 21.240253, 42.139658, 36.501270","100, 770, 875, 940, 1850, 2600","20260611beijingjiaodajjiashu100m, 20260611beijingjiaodajjiashu770m, 20260611beijingjiaodajjiashu875m, 20260611beijingjiaodajjiashu940m, 20260611beijingjiaodajjiashu1850m, 20260611beijingjiaodajjiashu2600m","离线, 离线, 离线, 离线, 离线, 离线",已覆盖主要峰值5/10，关联IQ 6组
26,北京测点,枫蓝国际购物中心,闹市区,枫蓝国际购物广场,20260612IQR,20260611beijingfenlangj,,垂直极化,30M-6G (All),"2579.365079, 3468.253968, 3603.174603, 3587.301587, 3515.873016, 2595.238095, 3492.063492, 3444.444444, 2531.746032, 1865.079365","108.298, 104.572, 102.366, 102.168, 100.924, 100.787, 99.421, 99.156, 97.995, 97.938","14.692115, 6.196648, 26.004643, 26.198968, 12.493624, 58.099113, 10.385957, 18.718496, 96.405850, 33.421814","100, 560, 775, 875, 950, 1850, 2550","20260611beijingfenlangj100m, 20260611beijingfenlangj560m, 20260611beijingfenlangj775m, 20260611beijingfenlangj875m, 20260611beijingfenlangj950m, 20260611beijingfenlangj1850m, 20260611beijingfenlangj2550m","离线, 离线, 离线, 离线, 离线, 离线, 离线",已覆盖主要峰值2/10，关联IQ 7组
27,北京测点,西直门地下停车场,大型停车场,西直门停车场,20260612IQR,20260611beijingkaidemaotcc,,垂直极化,30M-6G (All),"2349.206349, 2325.396825, 2523.809524, 2587.301587, 2563.492063, 5746.031746, 2142.857143, 2126.984127, 3380.952381, 5777.777778","100.086, 95.819, 94.207, 92.567, 89.417, 86.397, 86.289, 86.029, 85.997, 85.543","19.808905, 35.255100, 23.049533, 14.748979, 81.487358, 19.677239, 21.126319, 12.645107, 12.965927, 5.112485","923, 2400, 2550","20260611beijingkaidemaotcc923, 20260611beijingkaidemaotcc2400m, 20260611beijingkaidemaotcc2550m","离线, 离线, 离线",已覆盖主要峰值1/10，关联IQ 3组
28,北京测点,动物园北门停车场,大型停车场,动物园北门停车场,20260612IQR,20260611beijingdongwuyuan,,垂直极化,30M-6G (All),"1849.206349, 1920.634921, 1904.761905, 1817.460317, 3404.761905, 3523.809524, 2523.809524, 2539.682540, 2555.555556, 944.444444","115.184, 111.086, 110.902, 110.478, 110.059, 109.651, 107.343, 106.918, 106.549, 105.429","22.931565, 28.160069, 28.503934, 51.264308, 17.842447, 19.974055, 29.666064, 44.935552, 46.560233, 0.724981","97, 775, 870, 945, 1850, 2550","20260611beijingdongwuyuan97m, 20260611beijingdongwuyuan775m, 20260611beijingdongwuyuan870m, 20260611beijingdongwuyuan945m, 20260611beijingdongwuyuan1850m, 20260611beijingdongwuyuan2550m","离线, 离线, 离线, 离线, 离线, 离线",已覆盖主要峰值4/10，关联IQ 6组
29,北京测点,高粱桥斜街小区,居民区,高粱斜街小区,20260612IQR,20260611beijing0gaoliangxj,,垂直极化,30M-6G (All),"2563.492063, 1746.031746, 2523.809524, 3515.873016, 761.111111, 780.158730, 3476.190476, 2603.174603, 3444.444444, 879.365079","115.547, 108.163, 105.203, 104.688, 101.620, 101.514, 98.730, 96.233, 95.819, 95.093","9.965940, 1.507838, 25.817143, 11.784146, 4.236979, 1.425461, 6.530560, 96.303826, 31.768901, 0.722658","560, 670, 770, 870, 940, 1850, 2570","20260611beijing0gaoliangxj560m, 20260611beijing0gaoliangxj670m, 20260611beijing0gaoliangxj770m, 20260611beijing0gaoliangxj870m, 20260611beijing0gaoliangxj940m, 20260611beijing0gaoliangxj1850m, 20260611beijing0gaoliangxj2570m","离线, 离线, 离线, 离线, 离线, 离线, 离线",已覆盖主要峰值4/10，关联IQ 7组
30,北京测点,国家图书馆,基站,国家图书馆,20260612IQR,20260611beijingguojiatsg,,垂直极化,30M-6G (All),"2666.666667, 3579.365079, 3484.126984, 3531.746032, 2595.238095, 2539.682540, 2555.555556, 3420.634921, 763.492063, 3404.761905","123.494, 122.222, 121.770, 121.055, 119.055, 117.783, 117.624, 115.898, 114.962, 114.324","16.995974, 15.362020, 27.677658, 11.222115, 6.680007, 41.279820, 42.040484, 25.117958, 6.270879, 26.482010","98, 750, 780, 860, 1850, 2600","20260611beijingguojiatsg98m, 20260611beijingguojiatsg750m, 20260611beijingguojiatsg780m, 20260611beijingguojiatsg860m, 20260611beijingguojiatsg1850m, 20260611beijingguojiatsg2600m","离线, 离线, 离线, 离线, 离线, 离线",已覆盖主要峰值2/10，关联IQ 6组
31,北京测点,北京丰科万达广场,购物广场,丰科万达广场,20260615IQR,20260611beijingfentaiwanda,,垂直极化,30M-6G (All),"1817.460317, 2579.365079, 1833.333333, 2619.047619, 2595.238095, 2539.682540, 2555.555556, 949.206349, 2523.809524, 774.603175","111.943, 111.341, 110.083, 109.880, 109.568, 107.646, 107.084, 106.640, 105.858, 105.857","17.238351, 10.622210, 18.959034, 46.231565, 46.718073, 99.683150, 101.210278, 0.414828, 104.547656, 2.197199","775, 870, 950, 1830, 2570","20260611beijingfentaiwanda775m, 20260611beijingfentaiwanda870m, 20260611beijingfentaiwanda950m, 20260611beijingfentaiwanda1830m, 20260611beijingfentaiwanda2570m","离线, 离线, 离线, 离线, 离线",已覆盖主要峰值6/10，关联IQ 5组
32,北京测点,丰台总部基地18区,居民区,丰台总部基地18区,20260615IQR,20260611beijingfentai18qu,,垂直极化,30M-6G (All),"2674.603175, 2523.809524, 2547.619048, 2603.174603, 2563.492063, 1817.460317, 765.079365, 2619.047619, 2579.365079, 780.952381","116.663, 114.745, 112.783, 112.634, 111.773, 110.911, 108.673, 107.391, 107.372, 106.846","11.782191, 17.194333, 8.270518, 7.035299, 10.030864, 17.633198, 4.766026, 110.103939, 110.142225, 4.286811","765, 770, 870, 959, 1820, 2560","20260611beijingfentai18qu765m, 20260611beijingfentai18qu770m, 20260611beijingfentai18qu870m, 20260611beijingfentai18qu959m, 20260611beijingfentai18qu1820m, 20260611beijingfentai18qu2560m","离线, 离线, 离线, 离线, 离线, 离线",已覆盖主要峰值5/10，关联IQ 6组
33,北京测点,北京汽车博物馆停车场,大型停车场,中国汽车博物馆停车场,20260615IQR,20260611beijingqcbowuguan,,垂直极化,30M-6G (All),"2531.746032, 2611.111111, 2563.492063, 2579.365079, 1896.825397, 3404.761905, 948.412698, 3444.444444, 1873.015873, 783.333333","117.019, 114.785, 114.363, 113.631, 111.803, 111.524, 107.701, 106.717, 106.289, 106.061","20.957051, 90.847349, 91.219954, 91.865812, 12.174553, 4.387203, 0.393008, 4.626967, 51.089353, 5.172916","530, 770, 948, 1900, 2560","20260611beijingqcbowuguan530m, 20260611beijingqcbowuguan770m, 20260611beijingqcbowuguan948m, 20260611beijingqcbowuguan1900, 20260611beijingqcbowuguan2560m","离线, 离线, 离线, 离线, 离线",已覆盖主要峰值4/10，关联IQ 5组
34,北京测点,怡海花园,居民区,怡海家园,20260615IQR,20260611beijingyihaijiayuan,,垂直极化,30M-6G (All),"2571.428571, 2531.746032, 2619.047619, 2587.301587, 948.412698, 2555.555556, 779.365079, 934.920635, 1873.015873, 761.904762","128.425, 123.917, 122.467, 122.164, 122.032, 121.926, 114.744, 114.270, 112.281, 112.159","7.408642, 20.348769, 80.118894, 104.540338, 0.242109, 104.680733, 2.276988, 8.878719, 20.318965, 1.828854","775, 875, 950, 2130, 2550","20260611beijingyihaijiayuan775m, 20260611beijingyihaijiayuan875m, 20260611beijingyihaijiayuan950m, 20260611beijingyihaijiayuan2130m, 20260611beijingyihaijiayuan2550m","离线, 离线, 离线, 离线, 离线",已覆盖主要峰值6/10，关联IQ 5组
35,北京测点,丰台创新中心,基站,丰台创新中心,20260615IQR,20260611beijingfentaichuangxin,,垂直极化,30M-6G (All),"1849.206349, 3476.190476, 3412.698413, 2119.047619, 2523.809524, 3436.507937, 2563.492063, 783.333333, 2611.111111, 1825.396825","119.867, 117.993, 116.427, 108.849, 108.318, 107.154, 105.788, 105.717, 105.595, 104.945","9.562347, 15.454368, 17.258476, 3.714385, 16.089231, 35.874421, 15.881413, 1.690357, 4.945644, 17.494379","880, 938, 1850, 2130, 2600","20260611beijingfentaichuangxin880m, 20260611beijingfentaichuangxin938m, 20260611beijingfentaichuangxin1850m, 20260611beijingfentaichuangxin2130, 20260611beijingfentaichuangxin2600m","离线, 离线, 离线, 离线, 离线",已覆盖主要峰值3/10，关联IQ 5组
36,北京测点,北京天坛医院,医院外部,天坛医院,20260615IQR,20260611beijingtiantanyiyuan,,垂直极化,30M-6G (All),"3436.507937, 3420.634921, 3404.761905, 2531.746032, 3507.936508, 3476.190476, 2626.984127, 2642.857143, 2571.428571, 2603.174603","121.884, 120.441, 120.412, 118.994, 116.929, 116.830, 114.618, 114.590, 113.173, 112.465","33.540120, 34.526732, 34.546115, 23.482691, 18.234209, 3.561082, 45.960537, 46.057033, 21.945333, 53.517544","770, 870, 948, 1890, 2550","20260611beijingtiantanyiyuan770m, 20260611beijingtiantanyiyuan870m, 20260611beijingtiantanyiyuan948m, 20260611beijingtiantanyiyuan1890m, 20260611beijingtiantanyiyuan2550m","离线, 离线, 离线, 离线, 离线",已覆盖主要峰值1/10，关联IQ 5组
37,北京测点,丰台站,车站,丰台站,20260615IQR,20260611beijingfentaizhan,,垂直极化,30M-6G (All),"1871.111111, 948.412698, 3535.555556, 3582.222222, 1840.000000, 2594.444444, 2127.777778, 3504.444444, 2532.222222, 2578.888889","118.434, 114.733, 112.507, 112.460, 112.398, 112.283, 111.424, 111.350, 109.548, 108.975","11.265625, 0.263720, 25.578931, 6.969659, 8.948185, 10.436146, 18.329073, 9.033025, 12.052631, 26.215485","100, 770, 870, 1860, 2120","20260611beijingfentaizhan100m, 20260611beijingfentaizhan770m, 20260611beijingfentaizhan870m, 20260611beijingfentaizhan1860m, 20260611beijingfentaizhan2120m","离线, 离线, 离线, 离线, 离线",已覆盖主要峰值2/10，关联IQ 5组
38,北京测点,丰台总部基地一区,居民区,丰台总部基地一区,20260615IQR,20260611beijingfentaizongji,,垂直极化,30M-6G (All),"3428.571429, 3404.761905, 1825.396825, 2603.174603, 2539.682540, 2555.555556, 960.317460, 3507.936508, 2579.365079, 1865.079365","111.461, 110.623, 110.407, 109.034, 107.394, 107.116, 106.714, 106.105, 105.968, 105.355","32.582979, 33.665380, 16.572089, 18.030258, 28.318528, 29.993417, 0.881493, 26.601570, 50.426956, 25.049095","530, 773, 875, 960, 1900, 2600","20260611beijingfentaizongji530m, 20260611beijingfentaizongji773m, 20260611beijingfentaizongji875m, 20260611beijingfentaizongji960m, 20260611beijingfentaizongji1900m, 20260611beijingfentaizongji2600m","离线, 离线, 离线, 离线, 离线, 离线",已覆盖主要峰值2/10，关联IQ 6组
39,北京测点,丰台南路地铁站,地铁站,丰台南路地铁站,20260615IQR,20260611beijingfentainz,,垂直极化,30M-6G (All),"2571.428571, 2531.746032, 2619.047619, 3515.873016, 2515.873016, 3412.698413, 2587.301587, 2603.174603, 2142.857143, 2119.047619","120.709, 118.858, 111.957, 111.394, 110.448, 109.964, 108.820, 108.064, 106.571, 106.490","10.597579, 4.099262, 5.929727, 10.639310, 22.599385, 14.859727, 41.669957, 66.073704, 19.693852, 7.480542","530, 773, 948, 2120, 2560","20260611beijingfentainz530m, 20260611beijingfentainz773m, 20260611beijingfentainz948m, 20260611beijingfentainz2120m, 20260611beijingfentainz2560m","离线, 离线, 离线, 离线, 离线",已覆盖主要峰值2/10，关联IQ 5组
40,北京测点,华能北京热电厂,发电站,华能北京热电厂,20260616IQR,20260611beijinghuanengrdc,,垂直极化,30M-6G (All),"3428.571429, 2539.682540, 2142.857143, 2579.365079, 2119.047619, 3404.761905, 2611.111111, 2555.555556, 5801.587302, 3452.380952","109.625, 108.456, 105.115, 104.985, 104.917, 103.263, 102.940, 101.388, 99.536, 99.007","10.734619, 3.180760, 5.096315, 3.791430, 5.394743, 28.677315, 11.013482, 7.209380, 5.199454, 20.133741","770, 948, 1880, 2550","20260611beijinghuanengrdc770m, 20260611beijinghuanengrdc948m, 20260611beijinghuanengrdc1880m, 20260611beijinghuanengrdc2550m","离线, 离线, 离线, 离线",已覆盖主要峰值2/10，关联IQ 4组
41,北京测点,百度ApolloPark,智能网联示范区,百度ApolloPark,20260616IQR,20260611beijingbaidu,,垂直极化,30M-6G (All),"3420.634921, 3468.253968, 3452.380952, 3500.000000, 2523.809524, 2563.492063, 1873.015873, 2595.238095, 2619.047619, 880.158730","121.836, 119.472, 115.482, 115.350, 113.169, 112.639, 112.125, 110.935, 109.843, 109.565","24.141926, 6.061751, 34.966389, 12.719896, 17.985185, 23.000072, 15.209660, 19.789434, 39.004260, 0.550210","773, 875, 950, 1860, 2140, 2550","20260611beijingbaidu773m, 20260611beijingbaidu875m, 20260611beijingbaidu950m, 20260611beijingbaidu1860m, 20260611beijingbaidu2140m, 20260611beijingbaidu2550m","离线, 离线, 离线, 离线, 离线, 离线",已覆盖主要峰值3/10，关联IQ 6组
42,北京测点,中和工业园,工业区,中和工业园,20260616IQR,20260611beijingzhonghegyy,,垂直极化,30M-6G (All),"1817.460317, 948.412698, 2515.873016, 1888.888889, 2563.492063, 1833.333333, 3595.238095, 3507.936508, 2595.238095, 3476.190476","111.392, 109.447, 109.143, 107.532, 107.048, 106.887, 106.210, 104.927, 104.815, 103.451","3.526576, 0.201088, 24.081402, 21.381527, 20.129745, 9.122939, 7.387985, 5.850031, 100.873687, 11.874808","773, 873, 956, 1850, 2140, 2530","20260611beijingzhonghegyy773m, 20260611beijingzhonghegyy873m, 20260611beijingzhonghegyy956m, 20260611beijingzhonghegyy1850, 20260611beijingzhonghegyy2140m, 20260611beijingzhonghegyy2530m","离线, 离线, 离线, 离线, 离线, 离线",已覆盖主要峰值3/10，关联IQ 6组
43,北京测点,航天工业园,工业区,航天工业园,20260616IQR,20260611beijinghangtiangyy,,垂直极化,30M-6G (All),"2523.809524, 3500.000000, 3412.698413, 2539.682540, 3444.444444, 3468.253968, 2563.492063, 1904.761905, 2404.761905, 2611.111111","100.407, 99.141, 98.884, 98.869, 95.880, 95.747, 95.358, 93.156, 92.693, 92.082","13.126992, 12.220613, 19.119513, 28.415300, 71.890523, 72.575423, 54.713128, 15.817083, 1.375837, 35.422695","775, 940, 1880, 2530","20260611beijinghangtiangyy775m, 20260611beijinghangtiangyy940m, 20260611beijinghangtiangyy1880m, 20260611beijinghangtiangyy2530m","离线, 离线, 离线, 离线",已覆盖主要峰值2/10，关联IQ 4组
44,北京测点,亦庄文化园地铁站,地铁站,亦庄文化园地铁站,20260616IQR,20260611beijingyizhuangwhy,,垂直极化,30M-6G (All),"2134.920635, 3468.253968, 3484.126984, 3500.000000, 5785.714286, 3603.174603, 2523.809524, 1857.142857, 3579.365079, 3444.444444","111.195, 109.732, 109.203, 107.317, 106.120, 105.291, 104.647, 104.455, 104.431, 102.786","17.859829, 23.762333, 25.279542, 17.576257, 16.944018, 33.747116, 5.801555, 18.864465, 36.509844, 42.269788","720, 775, 875, 950, 1850, 2130","20260611beijingyizhuangwhy720, 20260611beijingyizhuangwhy775m, 20260611beijingyizhuangwhy875m, 20260611beijingyizhuangwhy950m, 20260611beijingyizhuangwhy1850m, 20260611beijingyizhuangwhy2130","离线, 离线, 离线, 离线, 离线, 离线",已覆盖主要峰值2/10，关联IQ 6组
45,北京测点,博大大厦停车场,大型停车场,博大大厦停车场,20260616IQR,20260611beijingbodadasha,,垂直极化,30M-6G (All),"769.841270, 783.333333, 2531.746032, 960.317460, 3603.174603, 3555.555556, 1825.396825, 3571.428571, 3539.682540, 5746.031746","102.398, 99.249, 96.840, 93.224, 93.047, 92.921, 91.753, 90.701, 89.769, 89.229","3.844593, 28.683383, 14.479611, 0.932983, 14.070583, 8.870860, 13.456078, 55.959307, 71.320203, 1.924360","530, 773, 875, 950, 1840, 2130, 2520","20260611beijingbodadasha530m, 20260611beijingbodadasha773m, 20260611beijingbodadasha875m, 20260611beijingbodadasha950m, 20260611beijingbodadasha1840m, 20260611beijingbodadasha2130m, 20260611beijingbodadasha2520m","离线, 离线, 离线, 离线, 离线, 离线, 离线",已覆盖主要峰值5/10，关联IQ 7组
46,北京测点,天华园二里二区,居民区,天华二里二区,20260616IQR,20260611beijingtianhua2li,,垂直极化,30M-6G (All),"2142.857143, 2523.809524, 2674.603175, 2634.920635, 879.365079, 2619.047619, 2595.238095, 1904.761905, 1865.079365, 1817.460317","112.342, 109.019, 108.442, 107.377, 106.765, 105.830, 105.087, 102.842, 102.605, 102.407","35.674652, 19.840499, 23.186691, 14.509434, 0.423168, 93.250523, 95.347384, 15.741056, 18.252851, 19.409463","530, 775, 875, 940, 1860, 2110, 2600","20260611beijingtianhua2li530m, 20260611beijingtianhua2li775m, 20260611beijingtianhua2li875m, 20260611beijingtianhua2li940m, 20260611beijingtianhua2li1860, 20260611beijingtianhua2li2110m, 20260611beijingtianhua2li2600m","离线, 离线, 离线, 离线, 离线, 离线, 离线",已覆盖主要峰值3/10，关联IQ 7组
47,北京测点,北京同仁医院亦庄院区,医院外部,北京同仁医院亦庄院区,20260616IQR,20260611beijingtongrenyiyuan,,垂直极化,30M-6G (All),"3420.634921, 3404.761905, 3436.507937, 3452.380952, 3476.190476, 2015.873016, 1896.825397, 1857.142857, 2587.301587, 1841.269841","119.390, 119.017, 118.720, 118.617, 118.248, 114.997, 111.896, 111.637, 111.482, 110.951","18.142782, 18.432898, 19.575817, 19.704903, 7.372375, 5.382034, 18.596276, 42.556243, 5.872375, 48.922470","770, 875, 948, 1910, 2550","20260611beijingtongrenyiyuan770m, 20260611beijingtongrenyiyuan875m, 20260611beijingtongrenyiyuan948m, 20260611beijingtongrenyiyuan1910m, 20260611beijingtongrenyiyuan2550m","离线, 离线, 离线, 离线, 离线",已覆盖主要峰值1/10，关联IQ 5组
48,重庆测点,华岩隧道,居民区,,1-IQ-DATA-4,huayan,,垂直极化,30M-6G (All),,,,,,,无频谱数据，无关联IQ
49,重庆测点,双碑隧道,居民区,,1-IQ-DATA-4,shuangb,,垂直极化,30M-6G (All),,,,,,,无频谱数据，无关联IQ
50,重庆测点,宋家沟隧道,居民区,,1-IQ-DATA-4,songjg,,垂直极化,30M-6G (All),,,,,,,无频谱数据，无关联IQ
51,重庆测点,中梁山华福隧道,工业区,,1-IQ-DATA-4,zhonglshf,,垂直极化,30M-6G (All),,,,,,,无频谱数据，无关联IQ
52,重庆测点,白鹤咀隧道,居民区,,2-IQ-DATA-4,baihej,,垂直极化,30M-6G (All),,,,,,,无频谱数据，无关联IQ
53,重庆测点,照母山隧道,居民区,,3-IQ-DATA-4,zhaoms,,垂直极化,30M-6G (All),,,,,,,无频谱数据，无关联IQ
54,重庆测点,星光隧道,闹市区,,3-IQ-DATA-4,xingg,,垂直极化,30M-6G (All),,,,,,,无频谱数据，无关联IQ
55,重庆测点,庙复隧道,居民区,,3-IQ-DATA-4,miaofu,,垂直极化,30M-6G (All),,,,,,,无频谱数据，无关联IQ
56,重庆测点,博翠隧道,居民区,,2-IQ-DATA-4,bocui,,垂直极化,30M-6G (All),,,,,,,无频谱数据，无关联IQ
57,重庆测点,黄沙溪隧道,闹市区,,2-IQ-DATA-4,huangsx,,垂直极化,30M-6G (All),,,,,,,无频谱数据，无关联IQ
58,重庆测点,龙兴隧道,工业区,,2-IQ-DATA-4,longx,,垂直极化,30M-6G (All),,,,,,,无频谱数据，无关联IQ
59,重庆测点,慈母山1号隧道,居民区,,3-IQ-DATA-4,cims,,垂直极化,30M-6G (All),,,,,,,无频谱数据，无关联IQ
60,重庆测点,慈母山2号隧道,居民区,,3-IQ-DATA-4,cims2hao,,垂直极化,30M-6G (All),,,,,,,无频谱数据，无关联IQ
